Folder,ml_g_SDSS,ml_r_SDSS,ml_i_SDSS,ms_g_SDSS,ms_r_SDSS,ms_i_SDSS,rl,ql,b,xs,ys,qs,ps,rs
0.0,20.584,19.835,19.463,22.185,21.785,21.264,7.1467429856394515,0.8192782649295303,4.077292660770133,1.2654206584580676,1.5462274323757683,1.8468400076620655,307.68531370330055,1.5348025457245429
