Folder,ml_g_SDSS,ml_r_SDSS,ml_i_SDSS,ms_g_SDSS,ms_r_SDSS,ms_i_SDSS,rl,ql,b,xs,ys,qs,ps,rs
0.0,19.839,19.303,18.997,21.974,21.648,21.152,4.131606789630554,0.902144603813238,4.419896051406046,2.337603334508997,1.2361549873228033,1.9405855346095202,267.3126854752615,1.4714217012181452
1.0,17.813,17.448,17.152,22.077,21.924,21.826,1.5972994000278742,0.8996739427073626,4.198690505569347,1.701629715552632,1.5707308912478148,2.1388377377103684,326.06218530504896,1.9891046996240547
2.0,20.259,19.552,19.245,21.772,21.703,21.561,8.428125381262944,0.9805735417744084,3.4743957304405066,1.9299193736393931,2.305064180023667,1.3370038996586169,117.91920431114585,1.3893982347644893
3.0,20.41,19.846,19.589,21.761,21.696,21.541,6.1336935577143255,0.8338646065253512,3.729338104813523,1.4717258769370736,2.769893058228324,2.883845356373131,189.43450481651763,1.1878544780377953
4.0,18.973,17.745,17.257,22.077,21.924,21.826,2.979165119621483,0.9484771461324489,3.781747628168085,1.721012631817247,1.1601732064028731,2.6447432895493765,23.612416754772664,1.070343716975696
5.0,18.915,18.196,17.863,22.185,21.785,21.264,2.2204325712127755,0.9091342614384718,4.485520264349554,2.554464301156213,2.2869093867408052,1.4671625062187448,119.3534607662178,1.2863114448250625
6.0,19.867,18.52,18.142,22.216,21.65,20.908,4.621481104287502,0.9481665672363652,4.924278627564652,1.576711112664695,1.4578361082691622,2.2458133935070492,315.15086039616114,1.2296597730661682
